type,a0,a1,a2,a3,a4,a5
GG,20872.75597,-63260.52963,79318.301,-52680.17088,19554.21897,-3847.670279,313.6716916
GP,8222.83155,-25178.89003,31841.70634,-21290.04519,7941.501624,-1567.87285,128.0761621
GX,20872.75597,-63260.52963,79318.301,-52680.17088,19554.21897,-3847.670279,313.6716916
PG,34646.70029,-109957.2324,144423.9036,-100525.9874,39127.31928,-8079.214542,691.8417699
PP,10744.12043,-34148.94233,44818.66284,-31110.67875,12060.69185,-2479.723349,211.6367439
PX,34646.70029,-109957.2324,144423.9036,-100525.9874,39127.31928,-8079.214542,691.8417699
XG,15883.02041,-48923.1471,62360.6974,-42110.86572,15891.78309,-3178.490602,263.2916319
XP,16912.27207,-53570.09757,70150.19389,-48602.41198,18791.04978,-3844.690523,325.3085829
XX,15883.02041,-48923.1471,62360.6974,-42110.86572,15891.78309,-3178.490602,263.2916319