type2,type3,sin,cos,sin2,cos2,sin_cos
G,G,0.133672207,-0.007576316,0.003786907,-0.124627339,0.425373566,-0.060606303,
G,P,0.935285048,0.928786712,-0.18516837,0.015857805,0.2861951,0.072728001
G,X,0.210489196,-0.00606094,0.202709724,-0.160512736,0.461339767,0.13333598
P,G,0.233402207,-0.101516187,0.109235732,0.14906496,0.151803103,-0.742423775
P,P,1.810497634,1.171212546,0.091084321,-0.254152251,0.557619284,-1.569694253
P,X,0.661379307,0.115151794,0.428904959,0.200723546,0.100490651,-0.803028162
X,P,0.198889776,0.018181703,-0.070746181,0.122076238,0.178719533,-0.624241103
X,G,1.254229713,0.739393723,0.686217752,0.219188398,0.083115678,-0.790909154
X,X,0.275933756,0.00606063,0.257226522,0.15460117,0.146208844,-0.448484074